{
    "deleteUserData": {
        "header": "Deleting user data",
        "paragraphPrefix": "To delete your data, please submit a request to",
        "paragraphSuffix": "We will delete all data related to you within 24 hours.",
        "link": "Back"
    },
    "privacy": {
        "header": "Privacy",
        "paragraphPrefix": "To obtain privacy policies, please submit a request to ",
        "paragraphSuffix": "We will send all privacy policies to you within 24 hours."
    },
    "links": {
        "back": "Back"
    },
    "versionConflict": {
        "paragraph": "Inventory data has been modified by another user. You can:",
        "listItems": {
            "update": "Update",
            "textUpdate": "download the latest version of data from the server",
            "rewrite": "Rewrite",
            "textRewrite": "save your changes over the current ones"
        },
        "modals":{
            "updateSuccess": "Data updated",
            "updateFailed": "Failed to update data",
            "rewriteSuccess": "Changes saved over."
        },
        "buttons": {
            "update": "Update",
            "rewrite": "Rewrite"
        }
    },
    "modals": {
        "titleSuccess": "Success!",
        "titleError": "Error",
        "messageError": "Something went wrong! Try again."
    },
    "toasts": {
        "saveError": "Saving error"
    },
    "records": {
        "delete": "{{recordType}}(s) deleted success",
        "create": "{{recordType}} successfully created!",
        "error": "An error occurred while creating {{recordType}}."
    },
    "countries": {
        "Afghanistan": "Afghanistan",
        "Aland Islands": "Aland Islands",
        "Albania": "Albania",
        "Algeria": "Algeria",
        "Andorra": "Andorra",
        "Angola": "Angola",
        "Anguilla": "Anguilla",
        "Antarctica": "Antarctica",
        "Antigua and Barbuda": "Antigua and Barbuda",
        "Argentina": "Argentina",
        "Armenia": "Armenia",
        "Aruba": "Aruba",
        "Australia": "Australia",
        "Austria": "Austria",
        "Azerbaijan": "Azerbaijan",
        "Bahamas": "Bahamas",
        "Bahrain": "Bahrain",
        "Bangladesh": "Bangladesh",
        "Barbados": "Barbados",
        "Belarus": "Belarus",
        "Belgium": "Belgium",
        "Belize": "Belize",
        "Benin": "Benin",
        "Bermuda": "Bermuda",
        "Bhutan": "Bhutan",
        "Bolivia, Plurinational State of": "Bolivia, Plurinational State of",
        "Bonaire, Sint Eustatius and Saba": "Bonaire, Sint Eustatius and Saba",
        "Bosnia and Herzegovina": "Bosnia and Herzegovina",
        "Botswana": "Botswana",
        "Bouvet Island": "Bouvet Island",
        "Brazil": "Brazil",
        "British Indian Ocean Territory": "British Indian Ocean Territory",
        "Brunei Darussalam": "Brunei Darussalam",
        "Bulgaria": "Bulgaria",
        "Burkina Faso": "Burkina Faso",
        "Burundi": "Burundi",
        "Cambodia": "Cambodia",
        "Cameroon": "Cameroon",
        "Canada": "Canada",
        "Cape Verde": "Cape Verde",
        "Cayman Islands": "Cayman Islands",
        "Central African Republic": "Central African Republic",
        "Chad": "Chad",
        "Chile": "Chile",
        "China": "China",
        "Christmas Island": "Christmas Island",
        "Cocos (Keeling) Islands": "Cocos (Keeling) Islands",
        "Colombia": "Colombia",
        "Comoros": "Comoros",
        "Congo": "Congo",
        "Congo, the Democratic Republic of the": "Congo, the Democratic Republic of the",
        "Cook Islands": "Cook Islands",
        "Costa Rica": "Costa Rica",
        "Cote d'Ivoire": "Cote d'Ivoire",
        "Croatia": "Croatia",
        "Curaçao": "Curaçao",
        "Cyprus": "Cyprus",
        "Czechia": "Czechia",
        "Denmark": "Denmark",
        "Djibouti": "Djibouti",
        "Dominica": "Dominica",
        "Dominican Republic": "Dominican Republic",
        "Ecuador": "Ecuador",
        "Egypt": "Egypt",
        "El Salvador": "El Salvador",
        "Equatorial Guinea": "Equatorial Guinea",
        "Eritrea": "Eritrea",
        "Estonia": "Estonia",
        "Eswatini": "Eswatini",
        "Ethiopia": "Ethiopia",
        "Falkland Islands (Malvinas)": "Falkland Islands (Malvinas)",
        "Faroe Islands": "Faroe Islands",
        "Fiji": "Fiji",
        "Finland": "Finland",
        "France": "France",
        "French Guiana": "French Guiana",
        "French Polynesia": "French Polynesia",
        "French Southern Territories": "French Southern Territories",
        "Gabon": "Gabon",
        "Gambia": "Gambia",
        "Georgia": "Georgia",
        "Germany": "Germany",
        "Ghana": "Ghana",
        "Gibraltar": "Gibraltar",
        "Greece": "Greece",
        "Greenland": "Greenland",
        "Grenada": "Grenada",
        "Guadeloupe": "Guadeloupe",
        "Guatemala": "Guatemala",
        "Guernsey": "Guernsey",
        "Guinea": "Guinea",
        "Guinea-Bissau": "Guinea-Bissau",
        "Guyana": "Guyana",
        "Haiti": "Haiti",
        "Heard Island and McDonald Islands": "Heard Island and McDonald Islands",
        "Holy See (Vatican City State)": "Holy See (Vatican City State)",
        "Honduras": "Honduras",
        "Hungary": "Hungary",
        "Iceland": "Iceland",
        "India": "India",
        "Indonesia": "Indonesia",
        "Iraq": "Iraq",
        "Ireland": "Ireland",
        "Isle of Man": "Isle of Man",
        "Israel": "Israel",
        "Italy": "Italy",
        "Jamaica": "Jamaica",
        "Japan": "Japan",
        "Jersey": "Jersey",
        "Jordan": "Jordan",
        "Kazakhstan": "Kazakhstan",
        "Kenya": "Kenya",
        "Kiribati": "Kiribati",
        "Korea, Republic of": "Korea, Republic of",
        "Kosovo": "Kosovo",
        "Kuwait": "Kuwait",
        "Kyrgyzstan": "Kyrgyzstan",
        "Lao People's Democratic Republic": "Lao People's Democratic Republic",
        "Latvia": "Latvia",
        "Lebanon": "Lebanon",
        "Lesotho": "Lesotho",
        "Liberia": "Liberia",
        "Libya": "Libya",
        "Liechtenstein": "Liechtenstein",
        "Lithuania": "Lithuania",
        "Luxembourg": "Luxembourg",
        "Macao": "Macao",
        "Madagascar": "Madagascar",
        "Malawi": "Malawi",
        "Malaysia": "Malaysia",
        "Maldives": "Maldives",
        "Mali": "Mali",
        "Malta": "Malta",
        "Martinique": "Martinique",
        "Mauritania": "Mauritania",
        "Mauritius": "Mauritius",
        "Mayotte": "Mayotte",
        "Mexico": "Mexico",
        "Moldova, Republic of": "Moldova, Republic of",
        "Monaco": "Monaco",
        "Mongolia": "Mongolia",
        "Montenegro": "Montenegro",
        "Montserrat": "Montserrat",
        "Morocco": "Morocco",
        "Mozambique": "Mozambique",
        "Myanmar": "Myanmar",
        "Namibia": "Namibia",
        "Nauru": "Nauru",
        "Nepal": "Nepal",
        "Netherlands": "Netherlands",
        "New Caledonia": "New Caledonia",
        "New Zealand": "New Zealand",
        "Nicaragua": "Nicaragua",
        "Niger": "Niger",
        "Nigeria": "Nigeria",
        "Niue": "Niue",
        "Norfolk Island": "Norfolk Island",
        "North Macedonia": "North Macedonia",
        "Norway": "Norway",
        "Oman": "Oman",
        "Pakistan": "Pakistan",
        "Palestine": "Palestine",
        "Panama": "Panama",
        "Papua New Guinea": "Papua New Guinea",
        "Paraguay": "Paraguay",
        "Peru": "Peru",
        "Philippines": "Philippines",
        "Pitcairn": "Pitcairn",
        "Poland": "Poland",
        "Portugal": "Portugal",
        "Qatar": "Qatar",
        "Reunion": "Reunion",
        "Romania": "Romania",
        "Russian Federation": "Russian Federation",
        "Rwanda": "Rwanda",
        "Saint Barthélemy": "Saint Barthélemy",
        "Saint Helena, Ascension and Tristan da Cunha": "Saint Helena, Ascension and Tristan da Cunha",
        "Saint Kitts and Nevis": "Saint Kitts and Nevis",
        "Saint Lucia": "Saint Lucia",
        "Saint Martin (French part)": "Saint Martin (French part)",
        "Saint Pierre and Miquelon": "Saint Pierre and Miquelon",
        "Saint Vincent and the Grenadines": "Saint Vincent and the Grenadines",
        "Samoa": "Samoa",
        "San Marino": "San Marino",
        "Sao Tome and Principe": "Sao Tome and Principe",
        "Saudi Arabia": "Saudi Arabia",
        "Senegal": "Senegal",
        "Serbia": "Serbia",
        "Seychelles": "Seychelles",
        "Sierra Leone": "Sierra Leone",
        "Singapore": "Singapore",
        "Sint Maarten (Dutch part)": "Sint Maarten (Dutch part)",
        "Slovakia": "Slovakia",
        "Slovenia": "Slovenia",
        "Solomon Islands": "Solomon Islands",
        "Somalia": "Somalia",
        "South Africa": "South Africa",
        "South Georgia and the South Sandwich Islands": "South Georgia and the South Sandwich Islands",
        "South Sudan": "South Sudan",
        "Spain": "Spain",
        "Sri Lanka": "Sri Lanka",
        "Suriname": "Suriname",
        "Svalbard and Jan Mayen": "Svalbard and Jan Mayen",
        "Sweden": "Sweden",
        "Switzerland": "Switzerland",
        "Taiwan": "Taiwan",
        "Tajikistan": "Tajikistan",
        "Tanzania, United Republic of": "Tanzania, United Republic of",
        "Thailand": "Thailand",
        "Timor-Leste": "Timor-Leste",
        "Togo": "Togo",
        "Tokelau": "Tokelau",
        "Tonga": "Tonga",
        "Trinidad and Tobago": "Trinidad and Tobago",
        "Tunisia": "Tunisia",
        "Türkiye": "Türkiye",
        "Turkmenistan": "Turkmenistan",
        "Turks and Caicos Islands": "Turks and Caicos Islands",
        "Tuvalu": "Tuvalu",
        "Uganda": "Uganda",
        "Ukraine": "Ukraine",
        "United Arab Emirates": "United Arab Emirates",
        "United Kingdom": "United Kingdom",
        "United States": "United States",
        "Uruguay": "Uruguay",
        "Uzbekistan": "Uzbekistan",
        "Vanuatu": "Vanuatu",
        "Venezuela, Bolivarian Republic of": "Venezuela, Bolivarian Republic of",
        "Vietnam": "Vietnam",
        "Virgin Islands, British": "Virgin Islands, British",
        "Wallis and Futuna": "Wallis and Futuna",
        "Western Sahara": "Western Sahara",
        "Yemen": "Yemen",
        "Zambia": "Zambia",
        "Zimbabwe": "Zimbabwe"
    },
    "states":{
        "Acre": "Acre",
        "Agrigento": "Agrigento",
        "Aguascalientes": "Aguascalientes",
        "Aichi": "Aichi",
        "Akita": "Akita",
        "Alabama": "Alabama",
        "Alagoas": "Alagoas",
        "Alaska": "Alaska",
        "Alberta": "Alberta",
        "Alessandria": "Alessandria",
        "Amapá": "Amapá",
        "Amazonas": "Amazonas",
        "Ancona": "Ancona",
        "Andaman and Nicobar Islands": "Andaman and Nicobar Islands",
        "Andhra Pradesh": "Andhra Pradesh",
        "Anhui": "Anhui",
        "Aomori": "Aomori",
        "Aosta": "Aosta",
        "Arezzo": "Arezzo",
        "Arizona": "Arizona",
        "Arkansas": "Arkansas",
        "Arunachal Pradesh": "Arunachal Pradesh",
        "Ascoli Piceno": "Ascoli Piceno",
        "Assam": "Assam",
        "Asti": "Asti",
        "Australian Capital Territory": "Australian Capital Territory",
        "Avellino": "Avellino",
        "Bahia": "Bahia",
        "Baja California": "Baja California",
        "Baja California Sur": "Baja California Sur",
        "Bari": "Bari",
        "Barletta-Andria-Trani": "Barletta-Andria-Trani",
        "Beijing": "Beijing",
        "Belluno": "Belluno",
        "Benevento": "Benevento",
        "Bergamo": "Bergamo",
        "Biella": "Biella",
        "Bihar": "Bihar",
        "Bologna": "Bologna",
        "Bolzano": "Bolzano",
        "Brescia": "Brescia",
        "Brindisi": "Brindisi",
        "British Columbia": "British Columbia",
        "Cagliari": "Cagliari",
        "California": "California",
        "Caltanissetta": "Caltanissetta",
        "Campeche": "Campeche",
        "Campobasso": "Campobasso",
        "Carbonia-Iglesias": "Carbonia-Iglesias",
        "Carlow": "Carlow",
        "Caserta": "Caserta",
        "Catania": "Catania",
        "Catanzaro": "Catanzaro",
        "Cavan": "Cavan",
        "Ceará": "Ceará",
        "Chandigarh": "Chandigarh",
        "Chhattisgarh": "Chhattisgarh",
        "Chiapas": "Chiapas",
        "Chiba": "Chiba",
        "Chieti": "Chieti",
        "Chihuahua": "Chihuahua",
        "Chongqing": "Chongqing",
        "Clare": "Clare",
        "Coahuila": "Coahuila",
        "Colima": "Colima",
        "Colorado": "Colorado",
        "Como": "Como",
        "Connecticut": "Connecticut",
        "Cork": "Cork",
        "Cosenza": "Cosenza",
        "Cremona": "Cremona",
        "Crotone": "Crotone",
        "Cuneo": "Cuneo",
        "Dadra and Nagar Haveli": "Dadra and Nagar Haveli",
        "Daman and Diu": "Daman and Diu",
        "Delaware": "Delaware",
        "Delhi": "Delhi",
        "District of Columbia": "District of Columbia",
        "Distrito Federal": "Distrito Federal",
        "Donegal": "Donegal",
        "Dublin": "Dublin",
        "Durango": "Durango",
        "Ehime": "Ehime",
        "Enna": "Enna",
        "Espírito Santo": "Espírito Santo",
        "Federal District": "Federal District",
        "Fermo": "Fermo",
        "Ferrara": "Ferrara",
        "Florence": "Florence",
        "Florida": "Florida",
        "Foggia": "Foggia",
        "Forlì-Cesena": "Forlì-Cesena",
        "Frosinone": "Frosinone",
        "Fujian": "Fujian",
        "Fukui": "Fukui",
        "Fukuoka": "Fukuoka",
        "Fukushima": "Fukushima",
        "Galway": "Galway",
        "Gansu": "Gansu",
        "Genoa": "Genoa",
        "Georgia": "Georgia",
        "Gifu": "Gifu",
        "Goa": "Goa",
        "Goiás": "Goiás",
        "Gorizia": "Gorizia",
        "Grosseto": "Grosseto",
        "Guanajuato": "Guanajuato",
        "Guangdong": "Guangdong",
        "Guangxi": "Guangxi",
        "Guerrero": "Guerrero",
        "Guizhou": "Guizhou",
        "Gujarat": "Gujarat",
        "Gunma": "Gunma",
        "Hainan": "Hainan",
        "Haryana": "Haryana",
        "Hawaii": "Hawaii",
        "Hebei": "Hebei",
        "Heilongjiang": "Heilongjiang",
        "Henan": "Henan",
        "Hidalgo": "Hidalgo",
        "Himachal Pradesh": "Himachal Pradesh",
        "Hiroshima": "Hiroshima",
        "Hokkaido": "Hokkaido",
        "Hong Kong": "Hong Kong",
        "Hubei": "Hubei",
        "Hunan": "Hunan",
        "Hyogo": "Hyogo",
        "Ibaraki": "Ibaraki",
        "Idaho": "Idaho",
        "Illinois": "Illinois",
        "Imperia": "Imperia",
        "Indiana": "Indiana",
        "Iowa": "Iowa",
        "Isernia": "Isernia",
        "Ishikawa": "Ishikawa",
        "Iwate": "Iwate",
        "Jalisco": "Jalisco",
        "Jammu and Kashmir": "Jammu and Kashmir",
        "Jharkhand": "Jharkhand",
        "Jiangsu": "Jiangsu",
        "Jiangxi": "Jiangxi",
        "Jilin": "Jilin",
        "Kagawa": "Kagawa",
        "Kagoshima": "Kagoshima",
        "Kanagawa": "Kanagawa",
        "Kansas": "Kansas",
        "Karnataka": "Karnataka",
        "Kentucky": "Kentucky",
        "Kerala": "Kerala",
        "Kerry": "Kerry",
        "Kildare": "Kildare",
        "Kilkenny": "Kilkenny",
        "Kochi": "Kochi",
        "Kumamoto": "Kumamoto",
        "Kyoto": "Kyoto",
        "L'Aquila": "L'Aquila",
        "Lakshadweep": "Lakshadweep",
        "Laois": "Laois",
        "La Spezia": "La Spezia",
        "Latina": "Latina",
        "Lecce": "Lecce",
        "Lecco": "Lecco",
        "Leitrim": "Leitrim",
        "Liaoning": "Liaoning",
        "Limerick": "Limerick",
        "Livorno": "Livorno",
        "Lodi": "Lodi",
        "Longford": "Longford",
        "Louisiana": "Louisiana",
        "Louth": "Louth",
        "Lucca": "Lucca",
        "Macao": "Macao",
        "Macerata": "Macerata",
        "Madhya Pradesh": "Madhya Pradesh",
        "Maharashtra": "Maharashtra",
        "Maine": "Maine",
        "Manipur": "Manipur",
        "Manitoba": "Manitoba",
        "Mantua": "Mantua",
        "Maranhão": "Maranhão",
        "Maryland": "Maryland",
        "Massa and Carrara": "Massa and Carrara",
        "Massachusetts": "Massachusetts",
        "Matera": "Matera",
        "Mato Grosso": "Mato Grosso",
        "Mato Grosso do Sul": "Mato Grosso do Sul",
        "Mayo": "Mayo",
        "Meath": "Meath",
        "Medio Campidano": "Medio Campidano",
        "Meghalaya": "Meghalaya",
        "Messina": "Messina",
        "Mexico State": "Mexico State",
        "Michigan": "Michigan",
        "Michoacán": "Michoacán",
        "Mie": "Mie",
        "Milan": "Milan",
        "Minas Gerais": "Minas Gerais",
        "Minnesota": "Minnesota",
        "Mississippi": "Mississippi",
        "Missouri": "Missouri",
        "Miyagi": "Miyagi",
        "Miyazaki": "Miyazaki",
        "Mizoram": "Mizoram",
        "Modena": "Modena",
        "Monaghan": "Monaghan",
        "Montana": "Montana",
        "Monza and Brianza": "Monza and Brianza",
        "Morelos": "Morelos",
        "Nagaland": "Nagaland",
        "Nagano": "Nagano",
        "Nagasaki": "Nagasaki",
        "Naples": "Naples",
        "Nara": "Nara",
        "Nayarit": "Nayarit",
        "Nebraska": "Nebraska",
        "Nei Mongol": "Nei Mongol",
        "Nevada": "Nevada",
        "New Brunswick": "New Brunswick",
        "Newfoundland and Labrador": "Newfoundland and Labrador",
        "New Hampshire": "New Hampshire",
        "New Jersey": "New Jersey",
        "New Mexico": "New Mexico",
        "New South Wales": "New South Wales",
        "New York": "New York",
        "Niigata": "Niigata",
        "Ningxia": "Ningxia",
        "North Carolina": "North Carolina",
        "North Dakota": "North Dakota",
        "Northern Territory": "Northern Territory",
        "Northwest Territories": "Northwest Territories",
        "Novara": "Novara",
        "Nova Scotia": "Nova Scotia",
        "Nuevo León": "Nuevo León",
        "Nunavut": "Nunavut",
        "Nuoro": "Nuoro",
        "Oaxaca": "Oaxaca",
        "Odisha": "Odisha",
        "Offaly": "Offaly",
        "Ogliastra": "Ogliastra",
        "Ohio": "Ohio",
        "Oita": "Oita",
        "Okayama": "Okayama",
        "Okinawa": "Okinawa",
        "Oklahoma": "Oklahoma",
        "Olbia-Tempio": "Olbia-Tempio",
        "Ontario": "Ontario",
        "Oregon": "Oregon",
        "Oristano": "Oristano",
        "Osaka": "Osaka",
        "Padua": "Padua",
        "Palermo": "Palermo",
        "Pará": "Pará",
        "Paraíba": "Paraíba",
        "Paraná": "Paraná",
        "Parma": "Parma",
        "Pavia": "Pavia",
        "Pennsylvania": "Pennsylvania",
        "Pernambuco": "Pernambuco",
        "Perugia": "Perugia",
        "Pesaro and Urbino": "Pesaro and Urbino",
        "Pescara": "Pescara",
        "Piacenza": "Piacenza",
        "Piauí": "Piauí",
        "Pisa": "Pisa",
        "Pistoia": "Pistoia",
        "Pordenone": "Pordenone",
        "Potenza": "Potenza",
        "Prato": "Prato",
        "Prince Edward Island": "Prince Edward Island",
        "Puducherry": "Puducherry",
        "Puebla": "Puebla",
        "Punjab": "Punjab",
        "Qinghai": "Qinghai",
        "Quebec": "Quebec",
        "Queensland": "Queensland",
        "Querétaro": "Querétaro",
        "Quintana Roo": "Quintana Roo",
        "Ragusa": "Ragusa",
        "Rajasthan": "Rajasthan",
        "Ravenna": "Ravenna",
        "Reggio Calabria": "Reggio Calabria",
        "Reggio Emilia": "Reggio Emilia",
        "Rhode Island": "Rhode Island",
        "Rieti": "Rieti",
        "Rimini": "Rimini",
        "Rio de Janeiro": "Rio de Janeiro",
        "Rio Grande do Norte": "Rio Grande do Norte",
        "Rio Grande do Sul": "Rio Grande do Sul",
        "Rome": "Rome",
        "Rondônia": "Rondônia",
        "Roraima": "Roraima",
        "Roscommon": "Roscommon",
        "Rovigo": "Rovigo",
        "Saga": "Saga",
        "Saitama": "Saitama",
        "Salerno": "Salerno",
        "San Luis Potosí": "San Luis Potosí",
        "Santa Catarina": "Santa Catarina",
        "São Paulo": "São Paulo",
        "Saskatchewan": "Saskatchewan",
        "Sassari": "Sassari",
        "Savona": "Savona",
        "Sergipe": "Sergipe",
        "Shaanxi": "Shaanxi",
        "Shandong": "Shandong",
        "Shanghai": "Shanghai",
        "Shanxi": "Shanxi",
        "Shiga": "Shiga",
        "Shimane": "Shimane",
        "Shizuoka": "Shizuoka",
        "Sichuan": "Sichuan",
        "Siena": "Siena",
        "Sikkim": "Sikkim",
        "Sinaloa": "Sinaloa",
        "Sligo": "Sligo",
        "Sondrio": "Sondrio",
        "Sonora": "Sonora",
        "South Australia": "South Australia",
        "South Carolina": "South Carolina",
        "South Dakota": "South Dakota",
        "Syracuse": "Syracuse",
        "Tabasco": "Tabasco",
        "Taiwan": "Taiwan",
        "Tamaulipas": "Tamaulipas",
        "Tamil Nadu": "Tamil Nadu",
        "Taranto": "Taranto",
        "Tasmania": "Tasmania",
        "Telangana": "Telangana",
        "Tennessee": "Tennessee",
        "Teramo": "Teramo",
        "Terni": "Terni",
        "Texas": "Texas",
        "Tianjin": "Tianjin",
        "Tipperary": "Tipperary",
        "Tlaxcala": "Tlaxcala",
        "Tocantins": "Tocantins",
        "Tochigi": "Tochigi",
        "Tokushima": "Tokushima",
        "Tokyo": "Tokyo",
        "Tottori": "Tottori",
        "Toyama": "Toyama",
        "Trapani": "Trapani",
        "Trento": "Trento",
        "Treviso": "Treviso",
        "Trieste": "Trieste",
        "Tripura": "Tripura",
        "Turin": "Turin",
        "Udine": "Udine",
        "Utah": "Utah",
        "Uttarakhand": "Uttarakhand",
        "Uttar Pradesh": "Uttar Pradesh",
        "Varese": "Varese",
        "Venice": "Venice",
        "Veracruz": "Veracruz",
        "Verbano-Cusio-Ossola": "Verbano-Cusio-Ossola",
        "Vercelli": "Vercelli",
        "Vermont": "Vermont",
        "Verona": "Verona",
        "Vibo Valentia": "Vibo Valentia",
        "Vicenza": "Vicenza",
        "Victoria": "Victoria",
        "Virginia": "Virginia",
        "Viterbo": "Viterbo",
        "Wakayama": "Wakayama",
        "Washington": "Washington",
        "Waterford": "Waterford",
        "West Bengal": "West Bengal",
        "Western Australia": "Western Australia",
        "Westmeath": "Westmeath",
        "West Virginia": "West Virginia",
        "Wexford": "Wexford",
        "Wicklow": "Wicklow",
        "Wisconsin": "Wisconsin",
        "Wyoming": "Wyoming",
        "Xinjiang": "Xinjiang",
        "Xizang": "Xizang",
        "Yamagata": "Yamagata",
        "Yamaguchi": "Yamaguchi",
        "Yamanashi": "Yamanashi",
        "Yucatán": "Yucatán",
        "Yukon Territories": "Yukon Territories",
        "Yunnan": "Yunnan",
        "Zacatecas": "Zacatecas",
        "Zhejiang": "Zhejiang"
    }
}