{
    "deleteUserData": {
        "header": "Видалення даних користувача",
        "paragraphPrefix": "Щоб видалити ваші дані, надішліть запит на адресу",
        "paragraphSuffix": "Ми видалимо всі дані, пов'язані з вами, протягом 24 годин.",
        "link": "Назад"
    },
    "privacy": {
        "header": "Конфіденційність",
        "paragraphPrefix": "Щоб отримати політику конфіденційності, надішліть запит на адресу",
        "paragraphSuffix": "Ми надішлемо вам усі політики конфіденційності протягом 24 годин."
    },
    "links": {
        "back": "Назад"
    },
    "versionConflict": {
        "paragraph": "Дані інвентаризації були змінені іншим користувачем. Ви можете:",
        "listItems": {
            "update": "Оновити",
            "textUpdate": "завантажити останню версію даних із сервера",
            "rewrite": "Переписати",
            "textRewrite": "зберегти зміни поверх поточних"
        },
        "modals":{
            "updateSuccess": "Дані оновлено",
            "updateFailed": "Не вдалося оновити дані",
            "rewriteSuccess": "Зміни збережено."
        },
        "buttons": {
            "update": "Оновити",
            "rewrite": "Переписати"
        }
    },
    "modals": {
        "titleSuccess": "Успішно!",
        "titleError": "Помилка",
        "messageError": "Щось пішло не так! Спробуйте ще раз."
    },
    "toasts": {
        "saveError": "Помилка збереження"
    },
    "records": {
        "delete": "{{recordType}}(s) успішно видалено",
        "create": "{{recordType}} успішно створено!",
        "error": "Під час створення {{recordType}} сталася помилка."
    },
    "countries": {
        "Afghanistan": "Афганістан",
        "Aland Islands": "Аландські острови",
        "Albania": "Албанія",
        "Algeria": "Алжир",
        "Andorra": "Андорра",
        "Angola": "Ангола",
        "Anguilla": "Ангілья",
        "Antarctica": "Антарктида",
        "Antigua and Barbuda": "Антигуа і Барбуда",
        "Argentina": "Аргентина",
        "Armenia": "Вірменія",
        "Aruba": "Аруба",
        "Australia": "Австралія",
        "Austria": "Австрія",
        "Azerbaijan": "Азербайджан",
        "Bahamas": "Багами",
        "Bahrain": "Бахрейн",
        "Bangladesh": "Бангладеш",
        "Barbados": "Барбадос",
        "Belarus": "Білорусь",
        "Belgium": "Бельгія",
        "Belize": "Беліз",
        "Benin": "Бенін",
        "Bermuda": "Бермудські Острови",
        "Bhutan": "Бутан",
        "Bolivia, Plurinational State of": "Болівія",
        "Bonaire, Sint Eustatius and Saba": "Бонайре, Сінт-Естатіус і Саба",
        "Bosnia and Herzegovina": "Боснія і Герцеговина",
        "Botswana": "Ботсвана",
        "Bouvet Island": "Острів Буве",
        "Brazil": "Бразилія",
        "British Indian Ocean Territory": "Британська територія в Індійському океані",
        "Brunei Darussalam": "Бруней",
        "Bulgaria": "Болгарія",
        "Burkina Faso": "Буркіна-Фасо",
        "Burundi": "Бурунді",
        "Cambodia": "Камбоджа",
        "Cameroon": "Камерун",
        "Canada": "Канада",
        "Cape Verde": "Кабо-Верде",
        "Cayman Islands": "Кайманові острови",
        "Central African Republic": "Центральноафриканська Республіка",
        "Chad": "Чад",
        "Chile": "Чилі",
        "China": "Китай",
        "Christmas Island": "Острів Різдва",
        "Cocos (Keeling) Islands": "Кокосові острови",
        "Colombia": "Колумбія",
        "Comoros": "Коморські Острови",
        "Congo": "Республіка Конго",
        "Congo, the Democratic Republic of the": "Демократична Республіка Конго",
        "Cook Islands": "Острови Кука",
        "Costa Rica": "Коста-Рика",
        "Cote d'Ivoire": "Кот-д’Івуар",
        "Croatia": "Хорватія",
        "Curaçao": "Кюрасао",
        "Cyprus": "Кіпр",
        "Czechia": "Чехія",
        "Denmark": "Данія",
        "Djibouti": "Джибуті",
        "Dominica": "Домініка",
        "Dominican Republic": "Домініканська Республіка",
        "Ecuador": "Еквадор",
        "Egypt": "Єгипет",
        "El Salvador": "Сальвадор",
        "Equatorial Guinea": "Екваторіальна Гвінея",
        "Eritrea": "Еритрея",
        "Estonia": "Естонія",
        "Eswatini": "Есватіні",
        "Ethiopia": "Ефіопія",
        "Falkland Islands (Malvinas)": "Фолклендські острови",
        "Faroe Islands": "Фарерські острови",
        "Fiji": "Фіджі",
        "Finland": "Фінляндія",
        "France": "Франція",
        "French Guiana": "Французька Гвіана",
        "French Polynesia": "Французька Полінезія",
        "French Southern Territories": "Французькі Південні Території",
        "Gabon": "Габон",
        "Gambia": "Гамбія",
        "Georgia": "Грузія",
        "Germany": "Німеччина",
        "Ghana": "Гана",
        "Gibraltar": "Гібралтар",
        "Greece": "Греція",
        "Greenland": "Гренландія",
        "Grenada": "Гренада",
        "Guadeloupe": "Гваделупа",
        "Guatemala": "Гватемала",
        "Guernsey": "Гернсі",
        "Guinea": "Гвінея",
        "Guinea-Bissau": "Гвінея-Бісау",
        "Guyana": "Гаяна",
        "Haiti": "Гаїті",
        "Heard Island and McDonald Islands": "Острів Херд і острови Макдональд",
        "Holy See (Vatican City State)": "Ватикан",
        "Honduras": "Гондурас",
        "Hungary": "Угорщина",
        "Iceland": "Ісландія",
        "India": "Індія",
        "Indonesia": "Індонезія",
        "Iraq": "Ірак",
        "Ireland": "Ірландія",
        "Isle of Man": "Острів Мен",
        "Israel": "Ізраїль",
        "Italy": "Італія",
        "Jamaica": "Ямайка",
        "Japan": "Японія",
        "Jersey": "Джерсі",
        "Jordan": "Йорданія",
        "Kazakhstan": "Казахстан",
        "Kenya": "Кенія",
        "Kiribati": "Кірібаті",
        "Korea, Republic of": "Республіка Корея",
        "Kosovo": "Косово",
        "Kuwait": "Кувейт",
        "Kyrgyzstan": "Киргизстан",
        "Lao People's Democratic Republic": "Лаос",
        "Latvia": "Латвія",
        "Lebanon": "Ліван",
        "Lesotho": "Лесото",
        "Liberia": "Ліберія",
        "Libya": "Лівія",
        "Liechtenstein": "Ліхтенштейн",
        "Lithuania": "Литва",
        "Luxembourg": "Люксембург",
        "Macao": "Макао",
        "Madagascar": "Мадагаскар",
        "Malawi": "Малаві",
        "Malaysia": "Малайзія",
        "Maldives": "Мальдіви",
        "Mali": "Малі",
        "Malta": "Мальта",
        "Martinique": "Мартиніка",
        "Mauritania": "Мавританія",
        "Mauritius": "Маврикій",
        "Mayotte": "Майотта",
        "Mexico": "Мексика",
        "Moldova, Republic of": "Молдова",
        "Monaco": "Монако",
        "Mongolia": "Монголія",
        "Montenegro": "Чорногорія",
        "Montserrat": "Монсеррат",
        "Morocco": "Марокко",
        "Mozambique": "Мозамбік",
        "Myanmar": "М’янма",
        "Namibia": "Намібія",
        "Nauru": "Науру",
        "Nepal": "Непал",
        "Netherlands": "Нідерланди",
        "New Caledonia": "Нова Каледонія",
        "New Zealand": "Нова Зеландія",
        "Nicaragua": "Нікарагуа",
        "Niger": "Нігер",
        "Nigeria": "Нігерія",
        "Niue": "Ніуе",
        "Norfolk Island": "Острів Норфолк",
        "North Macedonia": "Північна Македонія",
        "Norway": "Норвегія",
        "Oman": "Оман",
        "Pakistan": "Пакистан",
        "Palestine": "Палестина",
        "Panama": "Панама",
        "Papua New Guinea": "Папуа-Нова Гвінея",
        "Paraguay": "Парагвай",
        "Peru": "Перу",
        "Philippines": "Філіппіни",
        "Pitcairn": "Піткерн",
        "Poland": "Польща",
        "Portugal": "Португалія",
        "Qatar": "Катар",
        "Reunion": "Реюньйон",
        "Romania": "Румунія",
        "Russian Federation": "Росія",
        "Rwanda": "Руанда",
        "Saint Barthélemy": "Сен-Бартелемі",
        "Saint Helena, Ascension and Tristan da Cunha": "Острів Святої Єлени, Вознесіння та Тристан-да-Кунья",
        "Saint Kitts and Nevis": "Сент-Кітс і Невіс",
        "Saint Lucia": "Сент-Люсія",
        "Saint Martin (French part)": "Сен-Мартен",
        "Saint Pierre and Miquelon": "Сен-П’єр і Мікелон",
        "Saint Vincent and the Grenadines": "Сент-Вінсент і Гренадини",
        "Samoa": "Самоа",
        "San Marino": "Сан-Марино",
        "Sao Tome and Principe": "Сан-Томе і Принсіпі",
        "Saudi Arabia": "Саудівська Аравія",
        "Senegal": "Сенегал",
        "Serbia": "Сербія",
        "Seychelles": "Сейшели",
        "Sierra Leone": "Сьєрра-Леоне",
        "Singapore": "Сінгапур",
        "Sint Maarten (Dutch part)": "Сінт-Мартен",
        "Slovakia": "Словаччина",
        "Slovenia": "Словенія",
        "Solomon Islands": "Соломонові Острови",
        "Somalia": "Сомалі",
        "South Africa": "Південно-Африканська Республіка",
        "South Georgia and the South Sandwich Islands": "Південна Георгія та Південні Сандвічеві Острови",
        "South Sudan": "Південний Судан",
        "Spain": "Іспанія",
        "Sri Lanka": "Шрі-Ланка",
        "Suriname": "Суринам",
        "Svalbard and Jan Mayen": "Свальбард і Ян-Маєн",
        "Sweden": "Швеція",
        "Switzerland": "Швейцарія",
        "Taiwan": "Тайвань",
        "Tajikistan": "Таджикистан",
        "Tanzania, United Republic of": "Танзанія",
        "Thailand": "Таїланд",
        "Timor-Leste": "Тімор-Лешті",
        "Togo": "Того",
        "Tokelau": "Токелау",
        "Tonga": "Тонга",
        "Trinidad and Tobago": "Тринідад і Тобаго",
        "Tunisia": "Туніс",
        "Türkiye": "Туреччина",
        "Turkmenistan": "Туркменістан",
        "Turks and Caicos Islands": "Теркс і Кайкос",
        "Tuvalu": "Тувалу",
        "Uganda": "Уганда",
        "Ukraine": "Україна",
        "United Arab Emirates": "Об’єднані Арабські Емірати",
        "United Kingdom": "Велика Британія",
        "United States": "США",
        "Uruguay": "Уругвай",
        "Uzbekistan": "Узбекистан",
        "Vanuatu": "Вануату",
        "Venezuela, Bolivarian Republic of": "Венесуела",
        "Vietnam": "Вʼєтнам",
        "Virgin Islands, British": "Британські Віргінські Острови",
        "Wallis and Futuna": "Волліс і Футуна",
        "Western Sahara": "Західна Сахара",
        "Yemen": "Ємен",
        "Zambia": "Замбія",
        "Zimbabwe": "Зімбабве"
    },
    "states": {
        "Acre": "Акрі",
        "Agrigento": "Агрідженто",
        "Aguascalientes": "Агуаскальєнтес",
        "Aichi": "Айті",
        "Akita": "Акіта",
        "Alabama": "Алабама",
        "Alagoas": "Алагоас",
        "Alaska": "Аляска",
        "Alberta": "Альберта",
        "Alessandria": "Алессандрія",
        "Amapá": "Амапа",
        "Amazonas": "Амазонас",
        "Ancona": "Анкона",
        "Andaman and Nicobar Islands": "Андаманські і Нікобарські острови",
        "Andhra Pradesh": "Андхра-Прадеш",
        "Anhui": "Аньхой",
        "Aomori": "Аоморі",
        "Aosta": "Аоста",
        "Arezzo": "Ареццо",
        "Arizona": "Аризона",
        "Arkansas": "Арканзас",
        "Arunachal Pradesh": "Аруначал-Прадеш",
        "Ascoli Piceno": "Асколі-Пічено",
        "Assam": "Ассам",
        "Asti": "Асті",
        "Australian Capital Territory": "Австралійська столична територія",
        "Avellino": "Авелліно",
        "Bahia": "Баїя",
        "Baja California": "Нижня Каліфорнія",
        "Baja California Sur": "Південна Нижня Каліфорнія",
        "Bari": "Барі",
        "Barletta-Andria-Trani": "Барлетта-Андрія-Трані",
        "Beijing": "Пекін",
        "Belluno": "Беллуно",
        "Benevento": "Беневенто",
        "Bergamo": "Бергамо",
        "Biella": "Б'єлла",
        "Bihar": "Біхар",
        "Bologna": "Болонья",
        "Bolzano": "Больцано",
        "Brescia": "Брешія",
        "Brindisi": "Бріндізі",
        "British Columbia": "Британська Колумбія",
        "Cagliari": "Кальярі",
        "California": "Каліфорнія",
        "Caltanissetta": "Кальтанісетта",
        "Campeche": "Кампече",
        "Campobasso": "Кампобассо",
        "Carbonia-Iglesias": "Карбонія-Іглезіас",
        "Carlow": "Карлоу",
        "Caserta": "Казерта",
        "Catania": "Катанія",
        "Catanzaro": "Катандзаро",
        "Cavan": "Каван",
        "Ceará": "Сеара",
        "Chandigarh": "Чандігарх",
        "Chhattisgarh": "Чхаттісгарх",
        "Chiapas": "Чіапас",
        "Chiba": "Тіба",
        "Chieti": "К'єті",
        "Chihuahua": "Чіуауа",
        "Chongqing": "Чунцін",
        "Clare": "Клер",
        "Coahuila": "Коауїла",
        "Colima": "Коліма",
        "Colorado": "Колорадо",
        "Como": "Комо",
        "Connecticut": "Коннектикут",
        "Cork": "Корк",
        "Cosenza": "Козенца",
        "Cremona": "Кремона",
        "Crotone": "Кротоне",
        "Cuneo": "Кунео",
        "Dadra and Nagar Haveli": "Дадра і Нагар-Хавелі",
        "Daman and Diu": "Даман і Діу",
        "Delaware": "Делавер",
        "Delhi": "Делі",
        "District of Columbia": "Округ Колумбія",
        "Distrito Federal": "Федеральний округ",
        "Donegal": "Донегол",
        "Dublin": "Дублін",
        "Durango": "Дуранго",
        "Ehime": "Ехіме",
        "Enna": "Енна",
        "Espírito Santo": "Еспіріту-Санту",
        "Federal District": "Федеральний округ",
        "Fermo": "Фермо",
        "Ferrara": "Феррара",
        "Florence": "Флоренція",
        "Florida": "Флорида",
        "Foggia": "Фоджа",
        "Forlì-Cesena": "Форлі-Чезена",
        "Frosinone": "Фрозіноне",
        "Fujian": "Фуцзянь",
        "Fukui": "Фукуї",
        "Fukuoka": "Фукуока",
        "Fukushima": "Фукусіма",
        "Galway": "Ґолуей",
        "Gansu": "Ганьсу",
        "Genoa": "Генуя",
        "Georgia": "Джорджія",
        "Gifu": "Ґіфу",
        "Goa": "Гоа",
        "Goiás": "Гояс",
        "Gorizia": "Горіція",
        "Grosseto": "Гроссето",
        "Guanajuato": "Гуанахуато",
        "Guangdong": "Гуандун",
        "Guangxi": "Гуансі",
        "Guerrero": "Герреро",
        "Guizhou": "Гуйчжоу",
        "Gujarat": "Гуджарат",
        "Gunma": "Ґумма",
        "Hainan": "Хайнань",
        "Haryana": "Хар'яна",
        "Hawaii": "Гаваї",
        "Hebei": "Хебей",
        "Heilongjiang": "Хейлунцзян",
        "Henan": "Хенань",
        "Hidalgo": "Ідальго",
        "Himachal Pradesh": "Хімачал-Прадеш",
        "Hiroshima": "Хіросіма",
        "Hokkaido": "Хоккайдо",
        "Hong Kong": "Гонконг",
        "Hubei": "Хубей",
        "Hunan": "Хунань",
        "Hyogo": "Хіого",
        "Ibaraki": "Ібаракі",
        "Idaho": "Айдахо",
        "Illinois": "Іллінойс",
        "Imperia": "Імперія",
        "Indiana": "Індіана",
        "Iowa": "Айова",
        "Isernia": "Ізернія",
        "Ishikawa": "Ішікава",
        "Iwate": "Івате",
        "Jalisco": "Халіско",
        "Jammu and Kashmir": "Джамму і Кашмір",
        "Jharkhand": "Джхаркханд",
        "Jiangsu": "Цзянсу",
        "Jiangxi": "Цзянсі",
        "Jilin": "Цзілінь",
        "Kagawa": "Кагава",
        "Kagoshima": "Кагошіма",
        "Kanagawa": "Канагава",
        "Kansas": "Канзас",
        "Karnataka": "Карнатака",
        "Kentucky": "Кентуккі",
        "Kerala": "Керала",
        "Kerry": "Керрі",
        "Kildare": "Кілдер",
        "Kilkenny": "Кілкенні",
        "Kochi": "Кочі",
        "Kumamoto": "Кумамото",
        "Kyoto": "Кіото",
        "L'Aquila": "Л'Аквіла",
        "Lakshadweep": "Лакшадвіп",
        "Laois": "Ліїш",
        "La Spezia": "Ла-Спеція",
        "Latina": "Латина",
        "Lecce": "Лечче",
        "Lecco": "Лекко",
        "Leitrim": "Літрім",
        "Liaoning": "Ляонін",
        "Limerick": "Лімерик",
        "Livorno": "Ліворно",
        "Lodi": "Лоді",
        "Longford": "Лонгфорд",
        "Louisiana": "Луїзіана",
        "Louth": "Лаут",
        "Lucca": "Лукка",
        "Macao": "Макао",
        "Macerata": "Мачерата",
        "Madhya Pradesh": "Мадх'я-Прадеш",
        "Maharashtra": "Махараштра",
        "Maine": "Мен",
        "Manipur": "Маніпур",
        "Manitoba": "Манітоба",
        "Mantua": "Мантуя",
        "Maranhão": "Мараньян",
        "Maryland": "Меріленд",
        "Massa and Carrara": "Масса-Каррара",
        "Massachusetts": "Массачусетс",
        "Matera": "Матера",
        "Mato Grosso": "Мату-Гросу",
        "Mato Grosso do Sul": "Мату-Гросу-ду-Сул",
        "Mayo": "Мейо",
        "Meath": "Міт",
        "Medio Campidano": "Медіо-Кампідано",
        "Meghalaya": "Меґхалая",
        "Messina": "Мессіна",
        "Mexico State": "Штат Мехіко",
        "Michigan": "Мічиган",
        "Michoacán": "Мічоакан",
        "Mie": "Міє",
        "Milan": "Мілан",
        "Minas Gerais": "Мінас-Жерайс",
        "Minnesota": "Міннесота",
        "Mississippi": "Міссісіпі",
        "Missouri": "Міссурі",
        "Miyagi": "Міяґі",
        "Miyazaki": "Міядзакі",
        "Mizoram": "Мізорам",
        "Modena": "Модена",
        "Monaghan": "Монаган",
        "Montana": "Монтана",
        "Monza and Brianza": "Монца-е-Бріанца",
        "Morelos": "Морелос",
        "Nagaland": "Нагаленд",
        "Nagano": "Нагано",
        "Nagasaki": "Нагасакі",
        "Naples": "Неаполь",
        "Nara": "Нара",
        "Nayarit": "Наяріт",
        "Nebraska": "Небраска",
        "Nei Mongol": "Внутрішня Монголія",
        "Nevada": "Невада",
        "New Brunswick": "Нью-Брансвік",
        "Newfoundland and Labrador": "Ньюфаундленд і Лабрадор",
        "New Hampshire": "Нью-Гемпшир",
        "New Jersey": "Нью-Джерсі",
        "New Mexico": "Нью-Мексико",
        "New South Wales": "Новий Південний Уельс",
        "New York": "Нью-Йорк",
        "Niigata": "Нііґата",
        "Ningxia": "Нінся",
        "North Carolina": "Північна Кароліна",
        "North Dakota": "Північна Дакота",
        "Northern Territory": "Північна територія",
        "Northwest Territories": "Північно-Західні території",
        "Novara": "Новара",
        "Nova Scotia": "Нова Шотландія",
        "Nuevo León": "Нуево-Леон",
        "Nunavut": "Нунавут",
        "Nuoro": "Нуоро",
        "Oaxaca": "Оахака",
        "Odisha": "Одіша",
        "Offaly": "Оффалі",
        "Ogliastra": "Ольястра",
        "Ohio": "Огайо",
        "Oita": "Ойта",
        "Okayama": "Окаяма",
        "Okinawa": "Окінава",
        "Oklahoma": "Оклахома",
        "Olbia-Tempio": "Ольбія-Темпіо",
        "Ontario": "Онтаріо",
        "Oregon": "Орегон",
        "Oristano": "Орістано",
        "Osaka": "Осака",
        "Padua": "Падуя",
        "Palermo": "Палермо",
        "Pará": "Пара",
        "Paraíba": "Параїба",
        "Paraná": "Парана",
        "Parma": "Парма",
        "Pavia": "Павія",
        "Pennsylvania": "Пенсильванія",
        "Pernambuco": "Пернамбуку",
        "Perugia": "Перуджа",
        "Pesaro and Urbino": "Пезаро-е-Урбіно",
        "Pescara": "Пескара",
        "Piacenza": "П'яченца",
        "Piauí": "Піауї",
        "Pisa": "Піза",
        "Pistoia": "Пістоя",
        "Pordenone": "Порденоне",
        "Potenza": "Потенца",
        "Prato": "Прато",
        "Prince Edward Island": "Острів Принца Едуарда",
        "Puducherry": "Пудучеррі",
        "Puebla": "Пуебла",
        "Punjab": "Пенджаб",
        "Qinghai": "Цінхай",
        "Quebec": "Квебек",
        "Queensland": "Квінсленд",
        "Querétaro": "Керетаро",
        "Quintana Roo": "Кінтана-Роо",
        "Ragusa": "Рагуза",
        "Rajasthan": "Раджастхан",
        "Ravenna": "Равенна",
        "Reggio Calabria": "Реджо-Калабрія",
        "Reggio Emilia": "Реджо-Емілія",
        "Rhode Island": "Род-Айленд",
        "Rieti": "Рієті",
        "Rimini": "Ріміні",
        "Rio de Janeiro": "Ріо-де-Жанейро",
        "Rio Grande do Norte": "Ріо-Гранде-ду-Норте",
        "Rio Grande do Sul": "Ріо-Гранде-ду-Сул",
        "Rome": "Рим",
        "Rondônia": "Рондонія",
        "Roraima": "Рорайма",
        "Roscommon": "Роскоммон",
        "Rovigo": "Ровіго",
        "Saga": "Сага",
        "Saitama": "Сайтама",
        "Salerno": "Салерно",
        "San Luis Potosí": "Сан-Луїс-Потосі",
        "Santa Catarina": "Санта-Катаріна",
        "São Paulo": "Сан-Паулу",
        "Saskatchewan": "Саскачеван",
        "Sassari": "Сассарі",
        "Savona": "Савона",
        "Sergipe": "Сержипі",
        "Shaanxi": "Шеньсі",
        "Shandong": "Шаньдун",
        "Shanghai": "Шанхай",
        "Shanxi": "Шаньсі",
        "Shiga": "Сіґа",
        "Shimane": "Сімане",
        "Shizuoka": "Сідзуока",
        "Sichuan": "Сичуань",
        "Siena": "Сієна",
        "Sikkim": "Сіккім",
        "Sinaloa": "Сіналоа",
        "Sligo": "Слайґо",
        "Sondrio": "Сондріо",
        "Sonora": "Сонора",
        "South Australia": "Південна Австралія",
        "South Carolina": "Південна Кароліна",
        "South Dakota": "Південна Дакота",
        "Syracuse": "Сіракуза",
        "Tabasco": "Табаско",
        "Taiwan": "Тайвань",
        "Tamaulipas": "Тамуліпас",
        "Tamil Nadu": "Тамілнад",
        "Taranto": "Таранто",
        "Tasmania": "Тасманія",
        "Telangana": "Тelangana" ,
        "Tennessee": "Теннессі",
        "Teramo": "Терамо",
        "Terni": "Терні",
        "Texas": "Техас",
        "Tianjin": "Тяньцзінь",
        "Tipperary": "Тіпперері",
        "Tlaxcala": "Тласкала",
        "Tocantins": "Токантінс",
        "Tochigi": "Тотіґі",
        "Tokushima": "Токусіма",
        "Tokyo": "Токіо",
        "Tottori": "Тотторі",
        "Toyama": "Тояма",
        "Trapani": "Трапані",
        "Trento": "Тренто",
        "Treviso": "Тревізо",
        "Trieste": "Трієст",
        "Tripura": "Тріпура",
        "Turin": "Турін",
        "Udine": "Удіне",
        "Utah": "Юта",
        "Uttarakhand": "Уттаракханд",
        "Uttar Pradesh": "Уттар-Прадеш",
        "Varese": "Варезе",
        "Venice": "Венеція",
        "Veracruz": "Веракрус",
        "Verbano-Cusio-Ossola": "Вербано-Кузіо-Оссола",
        "Vercelli": "Верчеллі",
        "Vermont": "Вермонт",
        "Verona": "Верона",
        "Vibo Valentia": "Вібо-Валентія",
        "Vicenza": "Віченца",
        "Victoria": "Вікторія",
        "Virginia": "Вірджинія",
        "Viterbo": "Вітербо",
        "Wakayama": "Вакаяма",
        "Washington": "Вашингтон",
        "Waterford": "Вотерфорд",
        "West Bengal": "Західний Бенгал",
        "Western Australia": "Західна Австралія",
        "Westmeath": "Вестміт",
        "West Virginia": "Західна Вірджинія",
        "Wexford": "Вексфорд",
        "Wicklow": "Віклоу",
        "Wisconsin": "Вісконсін",
        "Wyoming": "Вайомінг",
        "Xinjiang": "Сіньцзян",
        "Xizang": "Тибет",
        "Yamagata": "Ямаґата",
        "Yamaguchi": "Ямаґучі",
        "Yamanashi": "Яманасі",
        "Yucatán": "Юкатан",
        "Yukon Territories": "Юкон",
        "Yunnan": "Юннань",
        "Zacatecas": "Сакатекас",
        "Zhejiang": "Чжецзян"
    }
}