{
    "deleteUserData": {
        "header": "Eliminando datos de usuario",
        "paragraphPrefix": "Para eliminar sus datos, envíe una solicitud a",
        "paragraphSuffix": "Eliminaremos todos sus datos en un plazo de 24 horas.",
        "link": "Atrás"
    },
    "privacy": {
        "header": "Privacidad",
        "paragraphPrefix": "Para obtener las políticas de privacidad, envíe una solicitud a ",
        "paragraphSuffix": "Le enviaremos todas las políticas de privacidad en un plazo de 24 horas."
    },
    "links": {
        "back": "Atrás"
    },
    "versionConflict": {
    "paragraph": "Otro usuario ha modificado los datos del inventario. Puede:",
    "listItems": {
        "update": "Actualizar",
        "textUpdate": "Descargar la última versión de los datos del servidor",
        "rewrite": "Reescribir",
        "textRewrite": "Guardar los cambios sobre los actuales",
        "modals":{
            "updateSuccess": "Datos actualizados",
            "updateFailed": "Error al actualizar los datos",
            "rewriteSuccess": "Cambios sobrescritos."
        }
    },
    "buttons": {
        "update": "Actualizar",
        "rewrite": "Reescribir"
    },
    "modals": {
        "titleSuccess": "¡Éxito!",
        "titleError": "Error",
        "messageError": "¡Algo salió mal! Inténtalo de nuevo."
    },
    "toasts": {
        "saveError": "Error al guardar"
    },
    "records": {
        "delete": "{{recordType}} eliminados correctamente",
        "create": "¡{{recordType}} creado correctamente!",
        "error": "Se produjo un error al crear {{recordType}}."
        }
    },
    "countries": {
        "Afghanistan": "Afganistán",
        "Aland Islands": "Islas Åland",
        "Albania": "Albania",
        "Algeria": "Argelia",
        "Andorra": "Andorra",
        "Angola": "Angola",
        "Anguilla": "Anguila",
        "Antarctica": "Antártida",
        "Antigua and Barbuda": "Antigua y Barbuda",
        "Argentina": "Argentina",
        "Armenia": "Armenia",
        "Aruba": "Aruba",
        "Australia": "Australia",
        "Austria": "Austria",
        "Azerbaijan": "Azerbaiyán",
        "Bahamas": "Bahamas",
        "Bahrain": "Baréin",
        "Bangladesh": "Bangladés",
        "Barbados": "Barbados",
        "Belarus": "Bielorrusia",
        "Belgium": "Bélgica",
        "Belize": "Belice",
        "Benin": "Benín",
        "Bermuda": "Bermudas",
        "Bhutan": "Bután",
        "Bolivia, Plurinational State of": "Bolivia",
        "Bonaire, Sint Eustatius and Saba": "Bonaire, San Eustaquio y Saba",
        "Bosnia and Herzegovina": "Bosnia y Herzegovina",
        "Botswana": "Botsuana",
        "Bouvet Island": "Isla Bouvet",
        "Brazil": "Brasil",
        "British Indian Ocean Territory": "Territorio Británico del Océano Índico",
        "Brunei Darussalam": "Brunéi",
        "Bulgaria": "Bulgaria",
        "Burkina Faso": "Burkina Faso",
        "Burundi": "Burundi",
        "Cambodia": "Camboya",
        "Cameroon": "Camerún",
        "Canada": "Canadá",
        "Cape Verde": "Cabo Verde",
        "Cayman Islands": "Islas Caimán",
        "Central African Republic": "República Centroafricana",
        "Chad": "Chad",
        "Chile": "Chile",
        "China": "China",
        "Christmas Island": "Isla de Navidad",
        "Cocos (Keeling) Islands": "Islas Cocos",
        "Colombia": "Colombia",
        "Comoros": "Comoras",
        "Congo": "República del Congo",
        "Congo, the Democratic Republic of the": "República Democrática del Congo",
        "Cook Islands": "Islas Cook",
        "Costa Rica": "Costa Rica",
        "Cote d'Ivoire": "Costa de Marfil",
        "Croatia": "Croacia",
        "Curaçao": "Curazao",
        "Cyprus": "Chipre",
        "Czechia": "Chequia",
        "Denmark": "Dinamarca",
        "Djibouti": "Yibuti",
        "Dominica": "Dominica",
        "Dominican Republic": "República Dominicana",
        "Ecuador": "Ecuador",
        "Egypt": "Egipto",
        "El Salvador": "El Salvador",
        "Equatorial Guinea": "Guinea Ecuatorial",
        "Eritrea": "Eritrea",
        "Estonia": "Estonia",
        "Eswatini": "Esuatini",
        "Ethiopia": "Etiopía",
        "Falkland Islands (Malvinas)": "Islas Malvinas",
        "Faroe Islands": "Islas Feroe",
        "Fiji": "Fiyi",
        "Finland": "Finlandia",
        "France": "Francia",
        "French Guiana": "Guayana Francesa",
        "French Polynesia": "Polinesia Francesa",
        "French Southern Territories": "Territorios Australes Franceses",
        "Gabon": "Gabón",
        "Gambia": "Gambia",
        "Georgia": "Georgia",
        "Germany": "Alemania",
        "Ghana": "Ghana",
        "Gibraltar": "Gibraltar",
        "Greece": "Grecia",
        "Greenland": "Groenlandia",
        "Grenada": "Granada",
        "Guadeloupe": "Guadalupe",
        "Guatemala": "Guatemala",
        "Guernsey": "Guernsey",
        "Guinea": "Guinea",
        "Guinea-Bissau": "Guinea-Bisáu",
        "Guyana": "Guyana",
        "Haiti": "Haití",
        "Heard Island and McDonald Islands": "Islas Heard y McDonald",
        "Holy See (Vatican City State)": "Ciudad del Vaticano",
        "Honduras": "Honduras",
        "Hungary": "Hungría",
        "Iceland": "Islandia",
        "India": "India",
        "Indonesia": "Indonesia",
        "Iraq": "Irak",
        "Ireland": "Irlanda",
        "Isle of Man": "Isla de Man",
        "Israel": "Israel",
        "Italy": "Italia",
        "Jamaica": "Jamaica",
        "Japan": "Japón",
        "Jersey": "Jersey",
        "Jordan": "Jordania",
        "Kazakhstan": "Kazajistán",
        "Kenya": "Kenia",
        "Kiribati": "Kiribati",
        "Korea, Republic of": "Corea del Sur",
        "Kosovo": "Kosovo",
        "Kuwait": "Kuwait",
        "Kyrgyzstan": "Kirguistán",
        "Lao People's Democratic Republic": "Laos",
        "Latvia": "Letonia",
        "Lebanon": "Líbano",
        "Lesotho": "Lesoto",
        "Liberia": "Liberia",
        "Libya": "Libia",
        "Liechtenstein": "Liechtenstein",
        "Lithuania": "Lituania",
        "Luxembourg": "Luxemburgo",
        "Macao": "Macao",
        "Madagascar": "Madagascar",
        "Malawi": "Malaui",
        "Malaysia": "Malasia",
        "Maldives": "Maldivas",
        "Mali": "Malí",
        "Malta": "Malta",
        "Martinique": "Martinica",
        "Mauritania": "Mauritania",
        "Mauritius": "Mauricio",
        "Mayotte": "Mayotte",
        "Mexico": "México",
        "Moldova, Republic of": "Moldavia",
        "Monaco": "Mónaco",
        "Mongolia": "Mongolia",
        "Montenegro": "Montenegro",
        "Montserrat": "Montserrat",
        "Morocco": "Marruecos",
        "Mozambique": "Mozambique",
        "Myanmar": "Myanmar",
        "Namibia": "Namibia",
        "Nauru": "Nauru",
        "Nepal": "Nepal",
        "Netherlands": "Países Bajos",
        "New Caledonia": "Nueva Caledonia",
        "New Zealand": "Nueva Zelanda",
        "Nicaragua": "Nicaragua",
        "Niger": "Níger",
        "Nigeria": "Nigeria",
        "Niue": "Niue",
        "Norfolk Island": "Isla Norfolk",
        "North Macedonia": "Macedonia del Norte",
        "Norway": "Noruega",
        "Oman": "Omán",
        "Pakistan": "Pakistán",
        "Palestine": "Palestina",
        "Panama": "Panamá",
        "Papua New Guinea": "Papúa Nueva Guinea",
        "Paraguay": "Paraguay",
        "Peru": "Perú",
        "Philippines": "Filipinas",
        "Pitcairn": "Islas Pitcairn",
        "Poland": "Polonia",
        "Portugal": "Portugal",
        "Qatar": "Catar",
        "Reunion": "Reunión",
        "Romania": "Rumania",
        "Russian Federation": "Rusia",
        "Rwanda": "Ruanda",
        "Saint Barthélemy": "San Bartolomé",
        "Saint Helena, Ascension and Tristan da Cunha": "Santa Elena, Ascensión y Tristán de Acuña",
        "Saint Kitts and Nevis": "San Cristóbal y Nieves",
        "Saint Lucia": "Santa Lucía",
        "Saint Martin (French part)": "San Martín",
        "Saint Pierre and Miquelon": "San Pedro y Miquelón",
        "Saint Vincent and the Grenadines": "San Vicente y las Granadinas",
        "Samoa": "Samoa",
        "San Marino": "San Marino",
        "Sao Tome and Principe": "Santo Tomé y Príncipe",
        "Saudi Arabia": "Arabia Saudita",
        "Senegal": "Senegal",
        "Serbia": "Serbia",
        "Seychelles": "Seychelles",
        "Sierra Leone": "Sierra Leona",
        "Singapore": "Singapur",
        "Sint Maarten (Dutch part)": "Sint Maarten",
        "Slovakia": "Eslovaquia",
        "Slovenia": "Eslovenia",
        "Solomon Islands": "Islas Salomón",
        "Somalia": "Somalia",
        "South Africa": "Sudáfrica",
        "South Georgia and the South Sandwich Islands": "Islas Georgias del Sur y Sandwich del Sur",
        "South Sudan": "Sudán del Sur",
        "Spain": "España",
        "Sri Lanka": "Sri Lanka",
        "Suriname": "Surinam",
        "Svalbard and Jan Mayen": "Islas Svalbard y Jan Mayen",
        "Sweden": "Suecia",
        "Switzerland": "Suiza",
        "Taiwan": "Taiwán",
        "Tajikistan": "Tayikistán",
        "Tanzania, United Republic of": "Tanzania",
        "Thailand": "Tailandia",
        "Timor-Leste": "Timor Oriental",
        "Togo": "Togo",
        "Tokelau": "Tokelau",
        "Tonga": "Tonga",
        "Trinidad and Tobago": "Trinidad y Tobago",
        "Tunisia": "Túnez",
        "Türkiye": "Turquía",
        "Turkmenistan": "Turkmenistán",
        "Turks and Caicos Islands": "Islas Turcas y Caicos",
        "Tuvalu": "Tuvalu",
        "Uganda": "Uganda",
        "Ukraine": "Ucrania",
        "United Arab Emirates": "Emiratos Árabes Unidos",
        "United Kingdom": "Reino Unido",
        "United States": "Estados Unidos",
        "Uruguay": "Uruguay",
        "Uzbekistan": "Uzbekistán",
        "Vanuatu": "Vanuatu",
        "Venezuela, Bolivarian Republic of": "Venezuela",
        "Vietnam": "Vietnam",
        "Virgin Islands, British": "Islas Vírgenes Británicas",
        "Wallis and Futuna": "Wallis y Futuna",
        "Western Sahara": "Sahara Occidental",
        "Yemen": "Yemen",
        "Zambia": "Zambia",
        "Zimbabwe": "Zimbabue"
    },
    "states": {
        "Acre": "Acre",
        "Agrigento": "Agrigento",
        "Aguascalientes": "Aguascalientes",
        "Aichi": "Aichi",
        "Akita": "Akita",
        "Alabama": "Alabama",
        "Alagoas": "Alagoas",
        "Alaska": "Alaska",
        "Alberta": "Alberta",
        "Alessandria": "Alessandria",
        "Amapá": "Amapá",
        "Amazonas": "Amazonas",
        "Ancona": "Ancona",
        "Andaman and Nicobar Islands": "Islas Andamán y Nicobar",
        "Andhra Pradesh": "Andhra Pradesh",
        "Anhui": "Anhui",
        "Aomori": "Aomori",
        "Aosta": "Aosta",
        "Arezzo": "Arezzo",
        "Arizona": "Arizona",
        "Arkansas": "Arkansas",
        "Arunachal Pradesh": "Arunachal Pradesh",
        "Ascoli Piceno": "Ascoli Piceno",
        "Assam": "Assam",
        "Asti": "Asti",
        "Australian Capital Territory": "Territorio de la Capital Australiana",
        "Avellino": "Avellino",
        "Bahia": "Bahía",
        "Baja California": "Baja California",
        "Baja California Sur": "Baja California Sur",
        "Bari": "Bari",
        "Barletta-Andria-Trani": "Barletta-Andria-Trani",
        "Beijing": "Pekín",
        "Belluno": "Belluno",
        "Benevento": "Benevento",
        "Bergamo": "Bérgamo",
        "Biella": "Biella",
        "Bihar": "Bihar",
        "Bologna": "Bolonia",
        "Bolzano": "Bolzano",
        "Brescia": "Brescia",
        "Brindisi": "Brindisi",
        "British Columbia": "Columbia Británica",
        "Cagliari": "Cagliari",
        "California": "California",
        "Caltanissetta": "Caltanissetta",
        "Campeche": "Campeche",
        "Campobasso": "Campobasso",
        "Carbonia-Iglesias": "Carbonia-Iglesias",
        "Carlow": "Carlow",
        "Caserta": "Caserta",
        "Catania": "Catania",
        "Catanzaro": "Catanzaro",
        "Cavan": "Cavan",
        "Ceará": "Ceará",
        "Chandigarh": "Chandigarh",
        "Chhattisgarh": "Chhattisgarh",
        "Chiapas": "Chiapas",
        "Chiba": "Chiba",
        "Chieti": "Chieti",
        "Chihuahua": "Chihuahua",
        "Chongqing": "Chongqing",
        "Clare": "Clare",
        "Coahuila": "Coahuila",
        "Colima": "Colima",
        "Colorado": "Colorado",
        "Como": "Como",
        "Connecticut": "Connecticut",
        "Cork": "Cork",
        "Cosenza": "Cosenza",
        "Cremona": "Cremona",
        "Crotone": "Crotone",
        "Cuneo": "Cuneo",
        "Dadra and Nagar Haveli": "Dadra y Nagar Haveli",
        "Daman and Diu": "Daman y Diu",
        "Delaware": "Delaware",
        "Delhi": "Delhi",
        "District of Columbia": "Distrito de Columbia",
        "Distrito Federal": "Distrito Federal",
        "Donegal": "Donegal",
        "Dublin": "Dublín",
        "Durango": "Durango",
        "Ehime": "Ehime",
        "Enna": "Enna",
        "Espírito Santo": "Espírito Santo",
        "Federal District": "Distrito Federal",
        "Fermo": "Fermo",
        "Ferrara": "Ferrara",
        "Florence": "Florencia",
        "Florida": "Florida",
        "Foggia": "Foggia",
        "Forlì-Cesena": "Forlì-Cesena",
        "Frosinone": "Frosinone",
        "Fujian": "Fujian",
        "Fukui": "Fukui",
        "Fukuoka": "Fukuoka",
        "Fukushima": "Fukushima",
        "Galway": "Galway",
        "Gansu": "Gansu",
        "Genoa": "Génova",
        "Georgia": "Georgia",
        "Gifu": "Gifu",
        "Goa": "Goa",
        "Goiás": "Goiás",
        "Gorizia": "Gorizia",
        "Grosseto": "Grosseto",
        "Guanajuato": "Guanajuato",
        "Guangdong": "Guangdong",
        "Guangxi": "Guangxi",
        "Guerrero": "Guerrero",
        "Guizhou": "Guizhou",
        "Gujarat": "Gujarat",
        "Gunma": "Gunma",
        "Hainan": "Hainan",
        "Haryana": "Haryana",
        "Hawaii": "Hawái",
        "Hebei": "Hebei",
        "Heilongjiang": "Heilongjiang",
        "Henan": "Henan",
        "Hidalgo": "Hidalgo",
        "Himachal Pradesh": "Himachal Pradesh",
        "Hiroshima": "Hiroshima",
        "Hokkaido": "Hokkaido",
        "Hong Kong": "Hong Kong",
        "Hubei": "Hubei",
        "Hunan": "Hunan",
        "Hyogo": "Hyogo",
        "Ibaraki": "Ibaraki",
        "Idaho": "Idaho",
        "Illinois": "Illinois",
        "Imperia": "Imperia",
        "Indiana": "Indiana",
        "Iowa": "Iowa",
        "Isernia": "Isernia",
        "Ishikawa": "Ishikawa",
        "Iwate": "Iwate",
        "Jalisco": "Jalisco",
        "Jammu and Kashmir": "Jammu y Cachemira",
        "Jharkhand": "Jharkhand",
        "Jiangsu": "Jiangsu",
        "Jiangxi": "Jiangxi",
        "Jilin": "Jilin",
        "Kagawa": "Kagawa",
        "Kagoshima": "Kagoshima",
        "Kanagawa": "Kanagawa",
        "Kansas": "Kansas",
        "Karnataka": "Karnataka",
        "Kentucky": "Kentucky",
        "Kerala": "Kerala",
        "Kerry": "Kerry",
        "Kildare": "Kildare",
        "Kilkenny": "Kilkenny",
        "Kochi": "Kochi",
        "Kumamoto": "Kumamoto",
        "Kyoto": "Kioto",
        "L'Aquila": "L'Aquila",
        "Lakshadweep": "Lakshadweep",
        "Laois": "Laois",
        "La Spezia": "La Spezia",
        "Latina": "Latina",
        "Lecce": "Lecce",
        "Lecco": "Lecco",
        "Leitrim": "Leitrim",
        "Liaoning": "Liaoning",
        "Limerick": "Limerick",
        "Livorno": "Livorno",
        "Lodi": "Lodi",
        "Longford": "Longford",
        "Louisiana": "Luisiana",
        "Louth": "Louth",
        "Lucca": "Lucca",
        "Macao": "Macao",
        "Macerata": "Macerata",
        "Madhya Pradesh": "Madhya Pradesh",
        "Maharashtra": "Maharashtra",
        "Maine": "Maine",
        "Manipur": "Manipur",
        "Manitoba": "Manitoba",
        "Mantua": "Mantua",
        "Maranhão": "Maranhão",
        "Maryland": "Maryland",
        "Massa and Carrara": "Massa y Carrara",
        "Massachusetts": "Massachusetts",
        "Matera": "Matera",
        "Mato Grosso": "Mato Grosso",
        "Mato Grosso do Sul": "Mato Grosso del Sur",
        "Mayo": "Mayo",
        "Meath": "Meath",
        "Medio Campidano": "Medio Campidano",
        "Meghalaya": "Meghalaya",
        "Messina": "Mesina",
        "Mexico State": "Estado de México",
        "Michigan": "Míchigan",
        "Michoacán": "Michoacán",
        "Mie": "Mie",
        "Milan": "Milán",
        "Minas Gerais": "Minas Gerais",
        "Minnesota": "Minnesota",
        "Mississippi": "Misisipi",
        "Missouri": "Misuri",
        "Miyagi": "Miyagi",
        "Miyazaki": "Miyazaki",
        "Mizoram": "Mizoram",
        "Modena": "Módena",
        "Monaghan": "Monaghan",
        "Montana": "Montana",
        "Monza and Brianza": "Monza y Brianza",
        "Morelos": "Morelos",
        "Nagaland": "Nagaland",
        "Nagano": "Nagano",
        "Nagasaki": "Nagasaki",
        "Naples": "Nápoles",
        "Nara": "Nara",
        "Nayarit": "Nayarit",
        "Nebraska": "Nebraska",
        "Nei Mongol": "Mongolia Interior",
        "Nevada": "Nevada",
        "New Brunswick": "Nuevo Brunswick",
        "Newfoundland and Labrador": "Terranova y Labrador",
        "New Hampshire": "Nuevo Hampshire",
        "New Jersey": "Nueva Jersey",
        "New Mexico": "Nuevo México",
        "New South Wales": "Nueva Gales del Sur",
        "New York": "Nueva York",
        "Niigata": "Niigata",
        "Ningxia": "Ningxia",
        "North Carolina": "Carolina del Norte",
        "North Dakota": "Dakota del Norte",
        "Northern Territory": "Territorio del Norte",
        "Northwest Territories": "Territorios del Noroeste",
        "Novara": "Novara",
        "Nova Scotia": "Nueva Escocia",
        "Nuevo León": "Nuevo León",
        "Nunavut": "Nunavut",
        "Nuoro": "Nuoro",
        "Oaxaca": "Oaxaca",
        "Odisha": "Odisha",
        "Offaly": "Offaly",
        "Ogliastra": "Ogliastra",
        "Ohio": "Ohio",
        "Oita": "Oita",
        "Okayama": "Okayama",
        "Okinawa": "Okinawa",
        "Oklahoma": "Oklahoma",
        "Olbia-Tempio": "Olbia-Tempio",
        "Ontario": "Ontario",
        "Oregon": "Oregón",
        "Oristano": "Oristano",
        "Osaka": "Osaka",
        "Padua": "Padua",
        "Palermo": "Palermo",
        "Pará": "Pará",
        "Paraíba": "Paraíba",
        "Paraná": "Paraná",
        "Parma": "Parma",
        "Pavia": "Pavía",
        "Pennsylvania": "Pensilvania",
        "Pernambuco": "Pernambuco",
        "Perugia": "Perugia",
        "Pesaro and Urbino": "Pesaro y Urbino",
        "Pescara": "Pescara",
        "Piacenza": "Piacenza",
        "Piauí": "Piauí",
        "Pisa": "Pisa",
        "Pistoia": "Pistoia",
        "Pordenone": "Pordenone",
        "Potenza": "Potenza",
        "Prato": "Prato",
        "Prince Edward Island": "Isla del Príncipe Eduardo",
        "Puducherry": "Puducherry",
        "Puebla": "Puebla",
        "Punjab": "Punyab",
        "Qinghai": "Qinghai",
        "Quebec": "Quebec",
        "Queensland": "Queensland",
        "Querétaro": "Querétaro",
        "Quintana Roo": "Quintana Roo",
        "Ragusa": "Ragusa",
        "Rajasthan": "Rajastán",
        "Ravenna": "Rávena",
        "Reggio Calabria": "Reggio Calabria",
        "Reggio Emilia": "Reggio Emilia",
        "Rhode Island": "Rhode Island",
        "Rieti": "Rieti",
        "Rimini": "Rímini",
        "Rio de Janeiro": "Río de Janeiro",
        "Rio Grande do Norte": "Río Grande del Norte",
        "Rio Grande do Sul": "Río Grande del Sur",
        "Rome": "Roma",
        "Rondônia": "Rondônia",
        "Roraima": "Roraima",
        "Roscommon": "Roscommon",
        "Rovigo": "Rovigo",
        "Saga": "Saga",
        "Saitama": "Saitama",
        "Salerno": "Salerno",
        "San Luis Potosí": "San Luis Potosí",
        "Santa Catarina": "Santa Catarina",
        "São Paulo": "São Paulo",
        "Saskatchewan": "Saskatchewan",
        "Sassari": "Sassari",
        "Savona": "Savona",
        "Sergipe": "Sergipe",
        "Shaanxi": "Shaanxi",
        "Shandong": "Shandong",
        "Shanghai": "Shanghái",
        "Shanxi": "Shanxi",
        "Shiga": "Shiga",
        "Shimane": "Shimane",
        "Shizuoka": "Shizuoka",
        "Sichuan": "Sichuan",
        "Siena": "Siena",
        "Sikkim": "Sikkim",
        "Sinaloa": "Sinaloa",
        "Sligo": "Sligo",
        "Sondrio": "Sondrio",
        "Sonora": "Sonora",
        "South Australia": "Australia Meridional",
        "South Carolina": "Carolina del Sur",
        "South Dakota": "Dakota del Sur",
        "Syracuse": "Siracusa",
        "Tabasco": "Tabasco",
        "Taiwan": "Taiwán",
        "Tamaulipas": "Tamaulipas",
        "Tamil Nadu": "Tamil Nadu",
        "Taranto": "Tarento",
        "Tasmania": "Tasmania",
        "Telangana": "Telangana",
        "Tennessee": "Tennessee",
        "Teramo": "Teramo",
        "Terni": "Terni",
        "Texas": "Texas",
        "Tianjin": "Tianjin",
        "Tipperary": "Tipperary",
        "Tlaxcala": "Tlaxcala",
        "Tocantins": "Tocantins",
        "Tochigi": "Tochigi",
        "Tokushima": "Tokushima",
        "Tokyo": "Tokio",
        "Tottori": "Tottori",
        "Toyama": "Toyama",
        "Trapani": "Trapani",
        "Trento": "Trento",
        "Treviso": "Treviso",
        "Trieste": "Trieste",
        "Tripura": "Tripura",
        "Turin": "Turín",
        "Udine": "Udine",
        "Utah": "Utah",
        "Uttarakhand": "Uttarakhand",
        "Uttar Pradesh": "Uttar Pradesh",
        "Varese": "Varese",
        "Venice": "Venecia",
        "Veracruz": "Veracruz",
        "Verbano-Cusio-Ossola": "Verbano-Cusio-Ossola",
        "Vercelli": "Vercelli",
        "Vermont": "Vermont",
        "Verona": "Verona",
        "Vibo Valentia": "Vibo Valentia",
        "Vicenza": "Vicenza",
        "Victoria": "Victoria",
        "Virginia": "Virginia",
        "Viterbo": "Viterbo",
        "Wakayama": "Wakayama",
        "Washington": "Washington",
        "Waterford": "Waterford",
        "West Bengal": "Bengala Occidental",
        "Western Australia": "Australia Occidental",
        "Westmeath": "Westmeath",
        "West Virginia": "Virginia Occidental",
        "Wexford": "Wexford",
        "Wicklow": "Wicklow",
        "Wisconsin": "Wisconsin",
        "Wyoming": "Wyoming",
        "Xinjiang": "Sinkiang",
        "Xizang": "Tíbet",
        "Yamagata": "Yamagata",
        "Yamaguchi": "Yamaguchi",
        "Yamanashi": "Yamanashi",
        "Yucatán": "Yucatán",
        "Yukon Territories": "Yukón",
        "Yunnan": "Yunnan",
        "Zacatecas": "Zacatecas",
        "Zhejiang": "Zhejiang"
    }
}